{
  "shop": {
    "rgb": [
      20, 
      20, 
      20
    ], 
    "hex": "#141414"
  }, 
  "expand_less": {
    "rgb": [
      22, 
      22, 
      22
    ], 
    "hex": "#161616"
  }, 
  "help": {
    "rgb": [
      24, 
      24, 
      24
    ], 
    "hex": "#181818"
  }, 
  "photo": {
    "rgb": [
      26, 
      26, 
      26
    ], 
    "hex": "#1a1a1a"
  }, 
  "switcher": {
    "rgb": [
      28, 
      28, 
      28
    ], 
    "hex": "#1c1c1c"
  }, 
  "attach_file": {
    "rgb": [
      30, 
      30, 
      30
    ], 
    "hex": "#1e1e1e"
  }, 
  "follow": {
    "rgb": [
      32, 
      32, 
      32
    ], 
    "hex": "#202020"
  }, 
  "font": {
    "rgb": [
      34, 
      34, 
      34
    ], 
    "hex": "#222"
  }, 
  "layers": {
    "rgb": [
      36, 
      36, 
      36
    ], 
    "hex": "#242424"
  }, 
  "pause": {
    "rgb": [
      38, 
      38, 
      38
    ], 
    "hex": "#262626"
  }, 
  "group": {
    "rgb": [
      40, 
      40, 
      40
    ], 
    "hex": "#282828"
  }, 
  "menu": {
    "rgb": [
      42, 
      42, 
      42
    ], 
    "hex": "#2a2a2a"
  }, 
  "flash": {
    "rgb": [
      44, 
      44, 
      44
    ], 
    "hex": "#2c2c2c"
  }, 
  "send": {
    "rgb": [
      46, 
      46, 
      46
    ], 
    "hex": "#2e2e2e"
  }, 
  "add": {
    "rgb": [
      48, 
      48, 
      48
    ], 
    "hex": "#303030"
  }, 
  "swap": {
    "rgb": [
      50, 
      50, 
      50
    ], 
    "hex": "#323232"
  }, 
  "folder": {
    "rgb": [
      52, 
      52, 
      52
    ], 
    "hex": "#343434"
  }, 
  "save": {
    "rgb": [
      54, 
      54, 
      54
    ], 
    "hex": "#363636"
  }, 
  "expand_more": {
    "rgb": [
      56, 
      56, 
      56
    ], 
    "hex": "#383838"
  }, 
  "date_range": {
    "rgb": [
      58, 
      58, 
      58
    ], 
    "hex": "#3a3a3a"
  }, 
  "facebook": {
    "rgb": [
      60, 
      60, 
      60
    ], 
    "hex": "#3c3c3c"
  }, 
  "av_rewind": {
    "rgb": [
      62, 
      62, 
      62
    ], 
    "hex": "#3e3e3e"
  }, 
  "gift": {
    "rgb": [
      64, 
      64, 
      64
    ], 
    "hex": "#404040"
  }, 
  "settings": {
    "rgb": [
      66, 
      66, 
      66
    ], 
    "hex": "#424242"
  }, 
  "edit": {
    "rgb": [
      68, 
      68, 
      68
    ], 
    "hex": "#444"
  }, 
  "skip_next": {
    "rgb": [
      70, 
      70, 
      70
    ], 
    "hex": "#464646"
  }, 
  "list": {
    "rgb": [
      72, 
      72, 
      72
    ], 
    "hex": "#484848"
  }, 
  "refresh": {
    "rgb": [
      74, 
      74, 
      74
    ], 
    "hex": "#4a4a4a"
  }, 
  "avatar": {
    "rgb": [
      76, 
      76, 
      76
    ], 
    "hex": "#4c4c4c"
  }, 
  "dialpad": {
    "rgb": [
      126, 
      126, 
      126
    ], 
    "hex": "#7e7e7e"
  }, 
  "globe": {
    "rgb": [
      80, 
      80, 
      80
    ], 
    "hex": "#505050"
  }, 
  "bluetooth": {
    "rgb": [
      82, 
      82, 
      82
    ], 
    "hex": "#525252"
  }, 
  "close": {
    "rgb": [
      84, 
      84, 
      84
    ], 
    "hex": "#545454"
  }, 
  "fullscreen": {
    "rgb": [
      86, 
      86, 
      86
    ], 
    "hex": "#565656"
  }, 
  "thumbs_up": {
    "rgb": [
      88, 
      88, 
      88
    ], 
    "hex": "#585858"
  }, 
  "label": {
    "rgb": [
      90, 
      90, 
      90
    ], 
    "hex": "#5a5a5a"
  }, 
  "reply": {
    "rgb": [
      92, 
      92, 
      92
    ], 
    "hex": "#5c5c5c"
  }, 
  "email": {
    "rgb": [
      94, 
      94, 
      94
    ], 
    "hex": "#5e5e5e"
  }, 
  "power": {
    "rgb": [
      96, 
      96, 
      96
    ], 
    "hex": "#606060"
  }, 
  "undo": {
    "rgb": [
      98, 
      98, 
      98
    ], 
    "hex": "#626262"
  }, 
  "explore": {
    "rgb": [
      100, 
      100, 
      100
    ], 
    "hex": "#646464"
  }, 
  "cart": {
    "rgb": [
      102, 
      102, 
      102
    ], 
    "hex": "#666"
  }, 
  "videocam": {
    "rgb": [
      104, 
      104, 
      104
    ], 
    "hex": "#686868"
  }, 
  "search": {
    "rgb": [
      106, 
      106, 
      106
    ], 
    "hex": "#6a6a6a"
  }, 
  "launch": {
    "rgb": [
      108, 
      108, 
      108
    ], 
    "hex": "#6c6c6c"
  }, 
  "arrow_backward": {
    "rgb": [
      110, 
      110, 
      110
    ], 
    "hex": "#6e6e6e"
  }, 
  "favorite": {
    "rgb": [
      112, 
      112, 
      112
    ], 
    "hex": "#707070"
  }, 
  "filter": {
    "rgb": [
      116, 
      116, 
      116
    ], 
    "hex": "#747474"
  }, 
  "delete": {
    "rgb": [
      118, 
      118, 
      118
    ], 
    "hex": "#767676"
  }, 
  "navigation": {
    "rgb": [
      120, 
      120, 
      120
    ], 
    "hex": "#787878"
  }, 
  "file_download": {
    "rgb": [
      122, 
      122, 
      122
    ], 
    "hex": "#7a7a7a"
  }, 
  "weather": {
    "rgb": [
      124, 
      124, 
      124
    ], 
    "hex": "#7c7c7c"
  }, 
  "network_wifi": {
    "rgb": [
      78, 
      78, 
      78
    ], 
    "hex": "#4e4e4e"
  }, 
  "redo": {
    "rgb": [
      128, 
      128, 
      128
    ], 
    "hex": "#7f7f7f"
  }, 
  "emoji": {
    "rgb": [
      130, 
      130, 
      130
    ], 
    "hex": "#818181"
  }, 
  "playlist": {
    "rgb": [
      132, 
      132, 
      132
    ], 
    "hex": "#838383"
  }, 
  "bookmark": {
    "rgb": [
      134, 
      134, 
      134
    ], 
    "hex": "#858585"
  }, 
  "music": {
    "rgb": [
      138, 
      138, 
      138
    ], 
    "hex": "#898989"
  }, 
  "call": {
    "rgb": [
      136, 
      136, 
      136
    ], 
    "hex": "#878787"
  }, 
  "twitter": {
    "rgb": [
      140, 
      140, 
      140
    ], 
    "hex": "#8b8b8b"
  }, 
  "location": {
    "rgb": [
      114, 
      114, 
      114
    ], 
    "hex": "#727272"
  }, 
  "flight": {
    "rgb": [
      144, 
      144, 
      144
    ], 
    "hex": "#8f8f8f"
  }, 
  "visibility": {
    "rgb": [
      146, 
      146, 
      146
    ], 
    "hex": "#919191"
  }, 
  "volume": {
    "rgb": [
      148, 
      148, 
      148
    ], 
    "hex": "#939393"
  }, 
  "notifications": {
    "rgb": [
      150, 
      150, 
      150
    ], 
    "hex": "#959595"
  }, 
  "av_forward": {
    "rgb": [
      152, 
      152, 
      152
    ], 
    "hex": "#979797"
  }, 
  "location_crosshair": {
    "rgb": [
      154, 
      154, 
      154
    ], 
    "hex": "#999"
  }, 
  "copy": {
    "rgb": [
      156, 
      156, 
      156
    ], 
    "hex": "#9b9b9b"
  }, 
  "info": {
    "rgb": [
      158, 
      158, 
      158
    ], 
    "hex": "#9d9d9d"
  }, 
  "skip_previous": {
    "rgb": [
      160, 
      160, 
      160
    ], 
    "hex": "#9f9f9f"
  }, 
  "arrow_downward": {
    "rgb": [
      162, 
      162, 
      162
    ], 
    "hex": "#a1a1a1"
  }, 
  "dashboard": {
    "rgb": [
      164, 
      164, 
      164
    ], 
    "hex": "#a3a3a3"
  }, 
  "more": {
    "rgb": [
      142, 
      142, 
      142
    ], 
    "hex": "#8d8d8d"
  }, 
  "minus": {
    "rgb": [
      166, 
      166, 
      166
    ], 
    "hex": "#a5a5a5"
  }, 
  "history": {
    "rgb": [
      168, 
      168, 
      168
    ], 
    "hex": "#a7a7a7"
  }, 
  "compare": {
    "rgb": [
      170, 
      170, 
      170
    ], 
    "hex": "#a9a9a9"
  }, 
  "lock": {
    "rgb": [
      172, 
      172, 
      172
    ], 
    "hex": "#ababab"
  }, 
  "national_flag": {
    "rgb": [
      174, 
      174, 
      174
    ], 
    "hex": "#adadad"
  }, 
  "share": {
    "rgb": [
      176, 
      176, 
      176
    ], 
    "hex": "#afafaf"
  }, 
  "warning": {
    "rgb": [
      178, 
      178, 
      178
    ], 
    "hex": "#b1b1b1"
  }, 
  "chat": {
    "rgb": [
      180, 
      180, 
      180
    ], 
    "hex": "#b3b3b3"
  }, 
  "home": {
    "rgb": [
      182, 
      182, 
      182
    ], 
    "hex": "#b5b5b5"
  }, 
  "arrow_forward": {
    "rgb": [
      184, 
      184, 
      184
    ], 
    "hex": "#b7b7b7"
  }, 
  "check": {
    "rgb": [
      186, 
      186, 
      186
    ], 
    "hex": "#b9b9b9"
  }, 
  "microphone": {
    "rgb": [
      188, 
      188, 
      188
    ], 
    "hex": "#bbb"
  }, 
  "sliders": {
    "rgb": [
      190, 
      190, 
      190
    ], 
    "hex": "#bdbdbd"
  }, 
  "book": {
    "rgb": [
      192, 
      192, 
      192
    ], 
    "hex": "#bfbfbf"
  }, 
  "build": {
    "rgb": [
      194, 
      194, 
      194
    ], 
    "hex": "#c1c1c1"
  }, 
  "play": {
    "rgb": [
      196, 
      196, 
      196
    ], 
    "hex": "#c3c3c3"
  }, 
  "repeat": {
    "rgb": [
      198, 
      198, 
      198
    ], 
    "hex": "#c5c5c5"
  }, 
  "star": {
    "rgb": [
      200, 
      200, 
      200
    ], 
    "hex": "#c7c7c7"
  }, 
  "description": {
    "rgb": [
      202, 
      202, 
      202
    ], 
    "hex": "#c9c9c9"
  }, 
  "wallpaper": {
    "rgb": [
      204, 
      204, 
      204
    ], 
    "hex": "#cbcbcb"
  }, 
  "arrow_upward": {
    "rgb": [
      206, 
      206, 
      206
    ], 
    "hex": "#cdcdcd"
  }, 
  "filter_list": {
    "rgb": [
      208, 
      208, 
      208
    ], 
    "hex": "#cfcfcf"
  }, 
  "thumbs_down": {
    "rgb": [
      210, 
      210, 
      210
    ], 
    "hex": "#d1d1d1"
  }, 
  "time": {
    "rgb": [
      212, 
      212, 
      212
    ], 
    "hex": "#d3d3d3"
  }
}